time,gpu_memory_usage,model
60.562657,4.53,LN
90.563732,0.0,LN
120.566191,32.93,LN
150.56906,34.67,LN
180.571015,33.8,LN
210.572934,38.53,LN
240.575566,27.47,LN
270.579379,32.6,LN
300.581964,37.8,LN
330.583675,36.93,LN
360.584734,32.8,LN
390.585371,38.4,LN
420.585991,36.8,LN
450.587769,30.87,LN
480.589919,46.27,LN
510.590578,36.73,LN
540.59116,39.0,LN
570.592743,37.87,LN
600.594375,31.13,LN
630.595529,39.87,LN
660.596888,40.33,LN
690.599172,37.73,LN
720.601135,37.73,LN
750.601907,32.53,LN
780.602574,36.07,LN
810.60324,16.53,LN
840.603994,0.0,LN
870.605821,30.67,LN
900.608491,43.0,LN
930.610131,33.4,LN
960.610807,22.67,LN
990.611543,0.0,LN
1020.612219,0.0,LN
1050.612911,0.0,LN
1080.61368,0.0,LN
1110.614337,0.0,LN
1140.614937,0.0,LN
1170.615608,0.0,LN
1200.616249,0.0,LN
1230.616932,0.0,LN
1260.617578,0.0,LN
1290.618232,0.0,LN
1320.618863,0.0,LN
1350.619552,0.0,LN
1380.620191,0.0,LN
1410.620797,0.0,LN
1440.621393,0.0,LN
1470.621987,0.0,LN
1500.622601,0.0,LN
1530.623189,0.0,LN
1560.623859,0.0,LN
1590.624512,0.0,LN
1620.625216,0.0,LN
1650.625862,0.0,LN
1680.626433,0.0,LN
1710.627012,0.0,LN
1740.627709,0.0,LN
1770.628372,0.0,LN
1800.628976,0.0,LN
1830.62954,0.0,LN
1860.630116,0.0,LN
1890.630788,0.0,LN
1920.631431,0.0,LN
1950.632014,0.0,LN
1980.632606,0.0,LN
2010.633191,0.0,LN
2040.63377,0.0,LN
2070.634443,0.0,LN
2100.635108,0.0,LN
2130.635718,0.0,LN
2160.636298,0.0,LN
2190.636988,0.0,LN
2220.637646,0.0,LN
2250.638413,0.0,LN
2280.639157,0.0,LN
2310.639902,0.0,LN
2340.640543,0.0,LN
2370.641136,0.0,LN
2400.64173,0.0,LN
2430.642431,0.0,LN
2460.643224,0.0,LN
2490.643875,0.0,LN
2520.644461,0.0,LN
2550.645057,0.0,LN
2580.645733,0.0,LN
2610.646404,0.0,LN
2640.647002,0.0,LN
2700.964795,13.53,LN
2730.965868,53.73,LN
2760.966982,65.6,LN
2790.967525,65.13,LN
2820.968089,58.73,LN
2850.968638,61.87,LN
2880.969193,58.67,LN
2910.969827,59.8,LN
2940.970447,44.27,LN
2970.971017,62.33,LN
3000.971584,61.4,LN
3030.972181,60.93,LN
3060.973114,56.67,LN
3090.973932,61.53,LN
3120.974492,56.47,LN
3150.975116,58.73,LN
3180.975677,59.53,LN
3210.976247,60.13,LN
3240.977094,64.93,LN
3270.977965,62.53,LN
3300.978545,61.47,LN
3330.979261,59.33,LN
3360.97993,56.93,LN
3390.980486,63.0,LN
3420.981022,59.27,LN
3450.981534,59.2,LN
3480.982263,60.0,LN
3510.983006,64.13,LN
3540.983533,63.73,LN
3570.984101,27.47,LN
3631.455734,16.53,LN
3691.788684,18.27,LN
3721.7896,59.4,LN
3751.790151,57.47,LN
3781.790723,61.0,LN
3811.791331,60.47,LN
3841.792237,63.07,LN
3871.793237,60.07,LN
3901.794747,40.93,LN
3931.796052,55.33,LN
3961.796741,60.0,LN
3991.797429,61.4,LN
4021.798788,60.87,LN
4051.799909,58.93,LN
4081.8005,53.27,LN
4111.801834,60.07,LN
4141.803273,60.33,LN
4171.804881,60.47,LN
4201.806907,59.6,LN
4231.807726,54.73,LN
4261.808283,59.33,LN
4291.809082,61.6,LN
4321.809852,55.27,LN
4351.810488,61.13,LN
4381.811225,61.93,LN
4411.811944,60.4,LN
4441.813216,61.67,LN
4471.814318,54.07,LN
4501.814928,61.2,LN
4531.81555,60.8,LN
4556.209411,4.6,LN
4616.546564,19.27,LN
4646.547961,57.93,LN
4676.548604,63.4,LN
4706.549333,58.93,LN
4736.550137,62.33,LN
4766.55096,62.8,LN
4796.551981,62.47,LN
4826.55279,45.67,LN
4856.55349,62.27,LN
4886.554208,63.4,LN
4916.554938,61.4,LN
4946.555885,56.93,LN
4976.556554,61.2,LN
5006.557168,55.6,LN
5036.557909,59.07,LN
5066.558788,61.13,LN
5096.559668,63.87,LN
5126.560478,57.73,LN
5156.561215,60.93,LN
5216.562895,58.6,LN
5246.563604,59.33,LN
5276.564337,56.6,LN
5306.565044,62.27,LN
5336.565766,60.27,LN
5366.566473,51.8,LN
5396.567398,62.0,LN
5426.568327,61.93,LN
5456.569085,61.67,LN
5473.458941,4.6,LN
5533.796458,15.8,LN
5563.797223,62.4,LN
5593.797991,56.67,LN
5623.798571,58.47,LN
5653.799198,64.07,LN
5683.799914,61.6,LN
5713.80048,60.33,LN
5743.801036,44.47,LN
5773.801832,56.93,LN
5803.802659,59.2,LN
5833.803181,60.47,LN
5863.803977,62.73,LN
5893.804777,61.2,LN
5923.80548,55.87,LN
5953.806052,63.67,LN
5983.806728,57.0,LN
6013.807487,65.0,LN
6043.808695,63.93,LN
6073.809772,61.2,LN
6103.810526,61.13,LN
6133.811109,63.4,LN
6163.811691,54.0,LN
6193.812285,64.0,LN
6223.813284,62.4,LN
6253.814028,61.0,LN
6283.814665,61.0,LN
6313.81521,54.33,LN
6343.815764,59.87,LN
6373.816323,51.47,LN
6403.81707,0.0,LN
6433.817833,46.8,LN
6463.818559,61.73,LN
6493.819323,62.13,LN
6523.819839,61.93,LN
6553.820482,58.4,LN
6583.821265,55.93,LN
6613.821802,61.47,LN
6643.822572,61.27,LN
6673.823465,62.67,LN
6703.824334,61.53,LN
6733.825291,56.53,LN
6763.826263,58.8,LN
6793.827096,59.4,LN
6823.8279,61.4,LN
6853.828474,54.33,LN
6883.829112,61.8,LN
6943.830772,62.0,LN
6973.831598,59.47,LN
7003.83216,65.47,LN
7033.832779,60.33,LN
7063.83342,59.73,LN
7093.834079,58.87,LN
7123.835621,59.2,LN
7153.837791,58.87,LN
7183.839111,60.27,LN
7213.840037,60.27,LN
7243.841045,59.53,LN
7273.841829,13.2,LN
7303.843114,11.73,LN
7333.844627,60.87,LN
7363.845194,60.6,LN
7393.845719,61.07,LN
7423.846625,57.8,LN
7453.847443,61.0,LN
7483.848038,60.0,LN
7513.848671,59.33,LN
7543.849713,60.27,LN
7573.850706,60.13,LN
7603.851499,62.67,LN
7633.85205,60.33,LN
7663.853036,61.33,LN
7693.85397,57.07,LN
7723.854588,59.27,LN
7753.855523,60.73,LN
7783.856376,60.73,LN
7813.856919,61.07,LN
7843.857478,62.07,LN
7873.858069,61.27,LN
7903.858591,61.27,LN
7933.859349,59.53,LN
7963.860274,60.87,LN
7993.860878,61.73,LN
8023.861608,60.73,LN
8053.862473,61.0,LN
8083.863256,58.2,LN
8113.863807,59.27,LN
8143.864425,49.87,LN
8173.865188,0.0,LN
8203.866096,44.47,LN
8233.866695,61.0,LN
8263.867254,61.73,LN
8293.868134,59.73,LN
8323.869008,59.67,LN
8353.86973,53.53,LN
8383.870439,65.4,LN
8413.871002,61.93,LN
8443.871785,58.07,LN
8473.872744,58.0,LN
8503.873494,59.4,LN
8533.874181,60.6,LN
8563.875045,60.73,LN
8593.875917,56.2,LN
8623.876438,59.47,LN
8653.877003,61.27,LN
8683.877774,54.53,LN
8713.8785,62.27,LN
8773.879599,62.07,LN
8803.880132,60.27,LN
8833.88104,64.47,LN
8863.881884,62.2,LN
8893.88246,59.33,LN
8923.883244,60.47,LN
8983.884794,60.47,LN
9013.885657,62.0,LN
9043.886278,7.2,LN
9073.886802,12.53,LN
9103.887368,61.0,LN
9133.888273,59.47,LN
9163.889133,60.8,LN
9193.889702,57.93,LN
9223.890273,59.67,LN
9253.89083,61.4,LN
9283.891655,54.73,LN
9313.892857,61.73,LN
9343.893912,58.4,LN
9373.894512,55.4,LN
9403.895072,62.47,LN
9433.89562,63.2,LN
9463.89652,63.27,LN
9493.897361,60.8,LN
9523.898107,49.2,LN
9553.89888,61.47,LN
9583.899424,56.87,LN
9613.900391,57.47,LN
9643.901278,60.47,LN
9673.902222,61.53,LN
9703.903182,64.8,LN
9733.90396,63.13,LN
9763.904655,53.67,LN
9793.905432,61.13,LN
9823.906712,60.13,LN
9853.907878,58.0,LN
9883.908621,58.93,LN
9913.909156,43.2,LN
9943.909699,0.0,LN
9973.910273,51.53,LN
10003.911106,61.53,LN
10033.912398,60.67,LN
10063.913483,60.47,LN
10093.914116,61.4,LN
10123.91464,61.0,LN
10153.915437,57.73,LN
10183.916343,53.8,LN
10213.91706,56.07,LN
10243.918619,61.47,LN
10273.919947,61.87,LN
10303.92072,63.53,LN
10333.921863,61.53,LN
10363.922924,57.93,LN
10393.924638,64.33,LN
10423.92537,7.27,LN
10453.925968,0.47,LN
10483.926532,0.0,LN
10513.927078,0.0,LN
64.334807,0.0,RMSN
94.336567,0.0,RMSN
124.33818,28.33,RMSN
154.33871,56.67,RMSN
184.339402,59.53,RMSN
214.340527,53.0,RMSN
244.341578,57.47,RMSN
274.342301,49.53,RMSN
304.343064,52.67,RMSN
334.343843,57.67,RMSN
364.344428,57.4,RMSN
394.345023,49.53,RMSN
424.345827,49.27,RMSN
454.346888,60.13,RMSN
484.347743,55.67,RMSN
514.34858,53.8,RMSN
544.349428,51.27,RMSN
574.350244,54.2,RMSN
604.351442,62.47,RMSN
634.352687,53.07,RMSN
664.353565,63.47,RMSN
694.354556,53.2,RMSN
724.355524,54.13,RMSN
754.356499,58.33,RMSN
784.357655,49.53,RMSN
814.358479,57.0,RMSN
844.359033,56.07,RMSN
874.359651,62.6,RMSN
904.360402,52.8,RMSN
934.361151,54.93,RMSN
964.361866,57.4,RMSN
994.362429,54.8,RMSN
1024.363037,2.4,RMSN
1054.363635,22.13,RMSN
1084.364182,57.13,RMSN
1114.364773,62.13,RMSN
1144.36551,62.07,RMSN
1174.36637,53.47,RMSN
1204.367243,54.27,RMSN
1264.369397,57.0,RMSN
1294.371258,54.87,RMSN
1324.371837,57.2,RMSN
1354.372414,62.53,RMSN
1384.373007,55.6,RMSN
1414.373611,54.67,RMSN
1444.374566,54.47,RMSN
1474.375459,56.47,RMSN
1504.376443,58.13,RMSN
1534.377689,53.4,RMSN
1564.378525,55.27,RMSN
1594.379261,54.47,RMSN
1624.380327,47.73,RMSN
1654.381398,60.53,RMSN
1684.38216,55.27,RMSN
1714.38304,56.87,RMSN
1744.384433,56.27,RMSN
1774.385873,56.73,RMSN
1804.387279,55.13,RMSN
1834.38826,52.2,RMSN
1864.388868,56.6,RMSN
1894.389784,59.0,RMSN
1924.390666,50.33,RMSN
1954.391276,57.33,RMSN
1984.391863,17.4,RMSN
2014.39282,14.2,RMSN
2044.393886,53.53,RMSN
2074.395078,56.53,RMSN
2104.395911,55.0,RMSN
2134.396762,61.73,RMSN
2164.397633,60.67,RMSN
2194.3986,57.87,RMSN
2224.399532,54.73,RMSN
2254.400511,55.8,RMSN
2284.401453,60.33,RMSN
2314.402792,54.73,RMSN
2344.403685,49.53,RMSN
2374.404411,54.67,RMSN
2404.40512,60.93,RMSN
2434.405684,53.07,RMSN
2464.406202,54.73,RMSN
2494.406718,56.73,RMSN
2524.407296,56.6,RMSN
2554.407898,51.53,RMSN
2614.409175,56.33,RMSN
2644.409783,58.07,RMSN
2674.410391,54.6,RMSN
2704.411271,57.27,RMSN
2734.412485,60.67,RMSN
2764.413487,55.93,RMSN
2794.414036,59.73,RMSN
2824.414612,55.27,RMSN
2854.415209,53.27,RMSN
2884.416021,53.33,RMSN
2914.41692,58.47,RMSN
2944.417504,19.93,RMSN
2974.418083,11.53,RMSN
3004.418638,61.27,RMSN
3034.419223,54.53,RMSN
3064.419991,54.6,RMSN
3094.420792,56.07,RMSN
3120.686764,60.8,RMSN
3197.269958,19.2,RMSN
3227.270568,63.93,RMSN
3257.271198,65.13,RMSN
3287.271814,64.47,RMSN
3317.272799,62.2,RMSN
3347.27387,62.93,RMSN
3377.274621,63.4,RMSN
3407.27558,54.47,RMSN
3437.2767,60.53,RMSN
3467.277355,55.33,RMSN
3497.277973,64.53,RMSN
3527.279077,59.67,RMSN
3557.279882,64.47,RMSN
3587.280442,52.93,RMSN
3617.281032,65.33,RMSN
3647.28158,61.13,RMSN
3677.282506,62.0,RMSN
3752.339925,16.0,RMSN
3782.340584,69.93,RMSN
3812.341145,69.4,RMSN
3842.341702,64.47,RMSN
3872.342308,60.73,RMSN
3902.342944,64.27,RMSN
3932.343813,62.13,RMSN
3962.345046,53.67,RMSN
3992.346227,59.87,RMSN
4022.347577,61.07,RMSN
4052.348595,68.27,RMSN
4082.349446,57.73,RMSN
4112.350052,59.47,RMSN
4142.350658,64.87,RMSN
4172.351365,57.67,RMSN
4202.352003,57.93,RMSN
4232.352616,64.13,RMSN
4262.353157,58.8,RMSN
4292.35406,61.33,RMSN
4322.354923,59.33,RMSN
4352.355541,53.0,RMSN
4382.356222,62.07,RMSN
4412.357021,58.87,RMSN
4442.357799,64.8,RMSN
4472.358533,64.53,RMSN
4502.359641,64.4,RMSN
4532.360462,59.0,RMSN
4562.36111,22.33,RMSN
4592.361673,12.73,RMSN
4622.362234,63.4,RMSN
4652.362823,55.87,RMSN
4682.363778,60.2,RMSN
4712.364732,58.2,RMSN
4742.365624,60.27,RMSN
4772.366424,64.87,RMSN
4802.367005,68.4,RMSN
4832.367631,64.07,RMSN
4862.368352,65.67,RMSN
4892.369155,62.67,RMSN
4922.369884,64.47,RMSN
4952.370546,60.87,RMSN
4982.371161,53.73,RMSN
5012.37179,63.53,RMSN
5042.372368,55.13,RMSN
5072.373021,69.2,RMSN
5102.373851,68.27,RMSN
5132.375023,59.07,RMSN
5192.376556,59.87,RMSN
5222.377522,65.2,RMSN
5282.379378,68.4,RMSN
5312.380824,68.67,RMSN
5342.381709,58.27,RMSN
5372.382321,62.67,RMSN
5402.382968,18.0,RMSN
5432.383587,9.33,RMSN
5462.384528,67.0,RMSN
5492.385359,63.2,RMSN
5522.385963,64.07,RMSN
5552.386564,55.27,RMSN
5582.387142,64.33,RMSN
5612.387797,68.13,RMSN
5672.389052,64.33,RMSN
5702.389885,69.33,RMSN
5732.390885,59.67,RMSN
5762.392055,63.2,RMSN
5792.392968,57.6,RMSN
5822.393834,61.2,RMSN
5852.394652,65.67,RMSN
5882.395292,64.0,RMSN
5912.395919,65.13,RMSN
5942.396541,60.6,RMSN
5972.397168,51.6,RMSN
6002.398374,58.8,RMSN
6032.399375,63.13,RMSN
6062.400228,58.73,RMSN
6092.401211,67.13,RMSN
6122.402185,62.93,RMSN
6152.403019,61.53,RMSN
6182.404105,60.13,RMSN
6212.404834,63.13,RMSN
6242.405469,65.0,RMSN
6272.406092,20.6,RMSN
6302.406949,18.87,RMSN
6332.407633,62.8,RMSN
6362.408534,61.8,RMSN
6392.409336,57.73,RMSN
6422.409945,63.8,RMSN
6452.410666,58.2,RMSN
6482.411388,59.87,RMSN
6512.412085,62.47,RMSN
6542.412939,58.2,RMSN
6572.413812,63.27,RMSN
6602.414759,60.47,RMSN
6632.415645,62.87,RMSN
6662.416317,63.6,RMSN
6692.417447,53.13,RMSN
6722.418261,62.73,RMSN
6752.418881,65.13,RMSN
6782.419501,65.0,RMSN
6812.420091,58.53,RMSN
6842.420639,64.67,RMSN
6872.421255,62.6,RMSN
6902.421907,63.4,RMSN
6932.422523,66.4,RMSN
6962.423127,63.53,RMSN
6992.424163,59.27,RMSN
7022.425496,64.2,RMSN
7052.426437,65.8,RMSN
7082.427092,62.27,RMSN
7112.427749,21.8,RMSN
7142.42835,27.33,RMSN
7172.429049,63.13,RMSN
7202.429717,66.73,RMSN
7232.430485,65.0,RMSN
7262.431049,56.73,RMSN
7292.431779,64.4,RMSN
7322.432481,58.53,RMSN
7352.433051,56.0,RMSN
7382.433637,65.8,RMSN
7412.434446,56.6,RMSN
7442.435208,62.0,RMSN
7502.436431,61.2,RMSN
7532.437389,55.53,RMSN
7562.438197,65.0,RMSN
7592.438816,55.27,RMSN
7622.43944,64.47,RMSN
7652.440067,58.73,RMSN
7682.44066,63.8,RMSN
7712.441255,64.73,RMSN
7742.44183,54.07,RMSN
7772.442508,66.87,RMSN
7802.443295,63.4,RMSN
7832.443879,66.53,RMSN
7862.444746,64.27,RMSN
7892.445464,56.4,RMSN
7922.44606,65.33,RMSN
7952.446693,61.0,RMSN
7982.447284,12.87,RMSN
8012.447814,14.53,RMSN
8042.448431,63.8,RMSN
8072.449089,63.47,RMSN
8102.449697,63.47,RMSN
8132.450621,67.73,RMSN
8162.451544,58.4,RMSN
8192.452165,65.47,RMSN
8222.452784,56.67,RMSN
8252.453471,59.0,RMSN
8282.454947,64.07,RMSN
8312.456695,61.2,RMSN
8342.457796,65.53,RMSN
8372.458861,63.07,RMSN
8402.459961,62.87,RMSN
8432.460587,56.53,RMSN
8462.461278,62.87,RMSN
8492.461886,64.67,RMSN
8522.462483,62.47,RMSN
8552.463287,54.73,RMSN
8582.464229,65.87,RMSN
8612.464999,68.07,RMSN
8642.465631,66.33,RMSN
8702.466926,63.67,RMSN
8732.46777,62.8,RMSN
8762.468734,58.13,RMSN
8792.469677,63.2,RMSN
8822.47033,18.13,RMSN
8852.470957,25.8,RMSN
8882.471712,62.53,RMSN
8912.472556,62.13,RMSN
8972.474691,65.6,RMSN
9002.47554,60.27,RMSN
9032.476171,60.07,RMSN
9062.476992,65.27,RMSN
9092.477573,71.67,RMSN
9122.478248,58.8,RMSN
9152.479076,65.2,RMSN
9182.47972,64.27,RMSN
9212.480706,54.13,RMSN
9242.481761,67.2,RMSN
9272.482339,56.87,RMSN
9332.483382,0.0,RMSN
9362.483995,0.0,RMSN
9392.484614,0.0,RMSN
9400.112883,0.0,RMSN
60.235704,6.87,PNbefore
90.236474,51.2,PNbefore
120.23709,68.6,PNbefore
150.23767,67.93,PNbefore
180.238226,69.53,PNbefore
210.238782,71.4,PNbefore
240.23937,68.0,PNbefore
270.240005,68.93,PNbefore
300.240641,67.53,PNbefore
330.241326,46.87,PNbefore
360.242019,61.67,PNbefore
390.242664,68.07,PNbefore
420.24336,70.73,PNbefore
450.244284,65.6,PNbefore
480.245463,67.87,PNbefore
510.246416,52.73,PNbefore
540.24716,65.53,PNbefore
630.249083,68.87,PNbefore
660.249675,68.4,PNbefore
690.250244,68.47,PNbefore
720.250809,66.73,PNbefore
750.251391,70.2,PNbefore
780.251966,67.73,PNbefore
810.252569,69.73,PNbefore
840.25318,65.87,PNbefore
870.253832,66.33,PNbefore
900.254491,62.0,PNbefore
930.255108,65.53,PNbefore
960.255715,66.93,PNbefore
990.256342,67.27,PNbefore
1020.256952,69.07,PNbefore
1050.257555,69.4,PNbefore
1080.258154,40.07,PNbefore
1140.259386,33.4,PNbefore
1170.26013,66.53,PNbefore
1200.26068,69.87,PNbefore
1230.261253,62.73,PNbefore
1260.261852,70.93,PNbefore
1290.262481,66.73,PNbefore
1320.263282,69.2,PNbefore
1350.263858,67.6,PNbefore
1380.264446,68.6,PNbefore
1410.265005,68.67,PNbefore
1440.265539,68.6,PNbefore
1470.266105,67.93,PNbefore
1500.266662,68.6,PNbefore
1530.267303,67.73,PNbefore
1560.267963,69.73,PNbefore
1590.268668,66.0,PNbefore
1620.269435,65.73,PNbefore
1650.270018,63.8,PNbefore
1680.270577,68.0,PNbefore
1710.271143,68.13,PNbefore
1740.271735,68.6,PNbefore
1770.272313,68.0,PNbefore
1800.272854,68.8,PNbefore
1830.273433,66.73,PNbefore
1860.274041,64.33,PNbefore
1890.274638,63.4,PNbefore
1920.27524,67.73,PNbefore
1950.275813,69.0,PNbefore
1980.276379,68.07,PNbefore
2010.276933,68.07,PNbefore
2040.277503,71.07,PNbefore
2070.278065,68.13,PNbefore
2100.278647,67.27,PNbefore
2130.279247,40.13,PNbefore
2190.280384,66.73,PNbefore
2220.280928,71.33,PNbefore
2250.281508,66.6,PNbefore
2280.282103,67.8,PNbefore
2310.282664,68.4,PNbefore
2340.283264,67.87,PNbefore
2370.283833,69.13,PNbefore
2400.284406,67.4,PNbefore
2430.284977,68.8,PNbefore
2460.285755,61.47,PNbefore
2490.286519,68.4,PNbefore
2520.287069,66.87,PNbefore
2550.287891,59.93,PNbefore
2580.288696,68.27,PNbefore
2610.289352,69.6,PNbefore
2640.289947,67.8,PNbefore
2670.290534,69.27,PNbefore
2700.291115,70.13,PNbefore
2730.291692,66.93,PNbefore
2760.29225,67.47,PNbefore
2790.292847,64.33,PNbefore
2820.293616,64.27,PNbefore
2850.294356,68.8,PNbefore
2880.294914,64.6,PNbefore
2910.295616,71.07,PNbefore
2940.296396,68.33,PNbefore
2970.29704,67.8,PNbefore
3000.297514,67.2,PNbefore
3030.298028,69.2,PNbefore
3060.298566,67.2,PNbefore
3090.299123,62.2,PNbefore
3120.299696,68.87,PNbefore
3150.300239,69.2,PNbefore
3180.300767,9.87,PNbefore
3210.301291,34.13,PNbefore
3240.301843,67.0,PNbefore
3270.302404,69.07,PNbefore
3300.302951,69.27,PNbefore
3330.303491,67.6,PNbefore
3360.304093,67.87,PNbefore
3390.304692,69.8,PNbefore
3420.305254,68.2,PNbefore
3450.305829,64.4,PNbefore
3480.306507,69.33,PNbefore
3510.307341,69.67,PNbefore
3540.308096,68.07,PNbefore
3570.308774,62.67,PNbefore
3600.309805,68.27,PNbefore
3630.310332,67.93,PNbefore
3660.310848,67.13,PNbefore
3690.311603,66.93,PNbefore
3720.312436,65.07,PNbefore
3750.313146,68.4,PNbefore
3780.313671,69.13,PNbefore
3810.314208,68.27,PNbefore
3840.314781,68.27,PNbefore
3870.315362,69.33,PNbefore
3900.315922,63.13,PNbefore
3930.316524,68.93,PNbefore
3960.317134,67.73,PNbefore
3990.31771,70.2,PNbefore
4020.318242,70.67,PNbefore
4050.318991,69.07,PNbefore
4080.319624,65.8,PNbefore
4110.320219,62.6,PNbefore
4140.32082,68.33,PNbefore
4170.321398,68.67,PNbefore
4200.321991,40.93,PNbefore
4230.322535,4.93,PNbefore
4260.323122,64.53,PNbefore
4290.323887,68.6,PNbefore
4320.324707,67.73,PNbefore
4350.325491,69.67,PNbefore
4380.326307,64.0,PNbefore
4410.327179,67.73,PNbefore
4440.327864,67.4,PNbefore
4470.32857,65.07,PNbefore
4500.329427,59.4,PNbefore
4530.330119,67.8,PNbefore
4560.330882,69.0,PNbefore
4590.331824,68.53,PNbefore
4620.332528,66.93,PNbefore
4650.33332,68.93,PNbefore
4680.333987,66.93,PNbefore
4710.334728,66.2,PNbefore
4740.335329,55.67,PNbefore
4770.335896,67.67,PNbefore
4800.336465,61.13,PNbefore
4830.337037,68.07,PNbefore
4860.337744,66.87,PNbefore
4890.33835,67.93,PNbefore
4920.339106,68.07,PNbefore
4950.339718,67.0,PNbefore
4980.340236,66.4,PNbefore
5010.340751,68.67,PNbefore
5040.341283,66.07,PNbefore
5070.341846,66.53,PNbefore
5100.342408,66.8,PNbefore
5130.34294,66.47,PNbefore
5160.343492,69.27,PNbefore
5190.344019,68.27,PNbefore
5220.344575,68.33,PNbefore
5250.345144,9.73,PNbefore
5280.345688,23.47,PNbefore
5310.346221,69.2,PNbefore
5340.346772,68.33,PNbefore
5370.347296,70.53,PNbefore
5400.347983,69.27,PNbefore
5430.348853,68.67,PNbefore
5460.349697,69.6,PNbefore
5490.350416,67.27,PNbefore
5520.351166,68.87,PNbefore
5550.352086,68.87,PNbefore
5580.352796,68.2,PNbefore
5610.353342,63.53,PNbefore
5640.353889,69.4,PNbefore
5670.354424,69.27,PNbefore
5700.354986,67.8,PNbefore
5730.355596,66.07,PNbefore
5760.356206,65.87,PNbefore
5820.357329,70.67,PNbefore
5850.357909,70.13,PNbefore
5880.358448,68.93,PNbefore
5910.359295,67.13,PNbefore
5940.360223,60.53,PNbefore
5970.361257,66.8,PNbefore
6000.362212,68.53,PNbefore
6030.362938,66.73,PNbefore
6060.363529,69.13,PNbefore
6090.364079,70.27,PNbefore
6120.364689,66.6,PNbefore
6150.365625,70.2,PNbefore
6180.366735,70.53,PNbefore
6210.367645,68.6,PNbefore
6240.368488,66.93,PNbefore
6270.369589,46.73,PNbefore
6330.370741,55.6,PNbefore
6360.371313,67.8,PNbefore
6390.371897,68.47,PNbefore
6420.372667,68.87,PNbefore
6480.374136,67.87,PNbefore
6540.375111,72.93,PNbefore
6570.375843,68.33,PNbefore
6600.376579,72.53,PNbefore
6630.377147,67.6,PNbefore
6660.377717,70.87,PNbefore
6690.378239,66.27,PNbefore
6720.378818,68.33,PNbefore
6750.379365,65.6,PNbefore
6780.379949,69.6,PNbefore
6810.380695,68.53,PNbefore
6840.381436,61.0,PNbefore
6870.382002,69.67,PNbefore
6900.382725,68.73,PNbefore
6930.383521,69.87,PNbefore
6960.384281,70.33,PNbefore
6990.385055,64.93,PNbefore
7020.385826,64.73,PNbefore
7050.386603,68.47,PNbefore
7080.387348,67.47,PNbefore
7110.387857,67.27,PNbefore
7140.388435,67.6,PNbefore
7170.389015,68.87,PNbefore
7200.389578,71.2,PNbefore
7230.390159,67.73,PNbefore
7260.390704,69.6,PNbefore
7290.391315,70.0,PNbefore
7320.391861,68.2,PNbefore
7350.392409,29.87,PNbefore
7380.392964,20.13,PNbefore
7410.393512,69.27,PNbefore
7440.394564,63.87,PNbefore
7470.395342,66.27,PNbefore
7500.395914,66.2,PNbefore
7530.39651,68.27,PNbefore
7560.39712,68.87,PNbefore
7590.397911,72.07,PNbefore
7620.398492,67.93,PNbefore
7650.399088,69.07,PNbefore
7680.399691,64.73,PNbefore
7710.400327,68.07,PNbefore
7740.400969,67.4,PNbefore
7770.401661,67.4,PNbefore
7800.402456,68.27,PNbefore
7830.403014,69.2,PNbefore
7860.40361,70.33,PNbefore
7890.404223,62.0,PNbefore
7920.405015,67.33,PNbefore
7950.406078,69.2,PNbefore
7980.40694,65.0,PNbefore
8010.407743,66.67,PNbefore
8040.408655,67.8,PNbefore
8070.409534,71.33,PNbefore
8100.410255,71.13,PNbefore
8130.410826,69.13,PNbefore
8160.411431,67.07,PNbefore
8190.412027,66.33,PNbefore
8220.412905,66.33,PNbefore
8250.413571,68.8,PNbefore
8280.414164,67.47,PNbefore
8310.414901,69.87,PNbefore
8340.415801,67.8,PNbefore
8370.416474,54.53,PNbefore
8428.600484,3.13,PNbefore
8541.583618,10.6,PNbefore
8571.5842,61.87,PNbefore
8601.584799,65.67,PNbefore
8631.585373,67.8,PNbefore
8661.58595,65.13,PNbefore
8691.586542,62.93,PNbefore
8721.587112,63.53,PNbefore
8751.58768,65.47,PNbefore
8781.588507,43.47,PNbefore
8811.589239,65.33,PNbefore
8841.589775,64.93,PNbefore
8871.590347,67.8,PNbefore
8901.591083,64.27,PNbefore
8931.591825,61.4,PNbefore
8961.592661,68.8,PNbefore
8991.593425,61.2,PNbefore
9021.594011,64.93,PNbefore
9051.594719,68.27,PNbefore
9081.595273,64.93,PNbefore
9111.595839,67.13,PNbefore
9141.596413,61.67,PNbefore
9171.596981,63.27,PNbefore
9201.597836,66.07,PNbefore
9231.598646,65.73,PNbefore
9261.599219,59.87,PNbefore
9291.599979,65.47,PNbefore
9321.600954,65.47,PNbefore
9351.601723,64.8,PNbefore
9381.602308,66.67,PNbefore
9411.602877,63.93,PNbefore
9441.603446,22.0,PNbefore
61.132072,4.73,PNafter
91.132639,58.2,PNafter
121.133184,69.13,PNafter
151.133758,69.07,PNafter
181.134467,70.07,PNafter
211.135385,69.2,PNafter
241.136344,69.47,PNafter
271.137136,69.87,PNafter
301.137731,61.4,PNafter
331.138298,60.87,PNafter
361.139027,69.87,PNafter
391.140132,67.4,PNafter
421.140764,71.67,PNafter
451.14156,71.07,PNafter
481.14247,70.67,PNafter
511.143326,70.13,PNafter
541.144087,67.27,PNafter
571.144791,70.27,PNafter
601.145545,67.73,PNafter
631.146267,70.93,PNafter
661.146974,69.87,PNafter
691.147559,66.67,PNafter
721.148099,67.27,PNafter
751.148667,69.33,PNafter
781.14954,66.67,PNafter
811.150458,64.27,PNafter
841.151145,71.67,PNafter
871.151684,72.27,PNafter
901.152228,66.4,PNafter
931.152754,69.27,PNafter
961.153297,71.4,PNafter
991.153886,69.2,PNafter
1021.154698,32.8,PNafter
1051.155276,0.0,PNafter
1081.155996,0.0,PNafter
1111.156743,41.67,PNafter
1141.15728,72.8,PNafter
1171.157821,71.8,PNafter
1201.158359,69.47,PNafter
1231.158923,69.13,PNafter
1261.159475,71.93,PNafter
1291.160154,70.93,PNafter
1321.160922,69.4,PNafter
1351.161469,70.13,PNafter
1381.162019,70.33,PNafter
1411.162579,71.0,PNafter
1441.163334,66.6,PNafter
1471.164037,69.0,PNafter
1501.164606,61.93,PNafter
1531.165148,71.13,PNafter
1561.165699,67.4,PNafter
1591.166448,66.47,PNafter
1621.167168,70.53,PNafter
1651.167725,69.2,PNafter
1681.168504,69.27,PNafter
1711.169269,70.73,PNafter
1741.16984,69.13,PNafter
1771.170389,71.6,PNafter
1801.170969,69.8,PNafter
1831.171779,70.73,PNafter
1861.172523,71.0,PNafter
1891.173079,66.8,PNafter
1921.173683,72.6,PNafter
1951.174645,69.47,PNafter
1981.175447,68.67,PNafter
2011.176077,70.33,PNafter
2041.176617,27.33,PNafter
2071.177145,5.2,PNafter
2101.177908,68.93,PNafter
2131.178732,70.8,PNafter
2161.179512,69.73,PNafter
2191.180293,72.13,PNafter
2221.181007,68.8,PNafter
2251.181771,67.13,PNafter
2281.182488,69.07,PNafter
2311.183222,68.13,PNafter
2341.184072,69.07,PNafter
2371.184621,68.33,PNafter
2401.185399,71.13,PNafter
2431.186185,69.8,PNafter
2461.186956,70.0,PNafter
2491.187536,71.87,PNafter
2521.188334,70.47,PNafter
2551.189303,66.27,PNafter
2581.190127,71.13,PNafter
2611.190663,70.53,PNafter
2641.191202,66.13,PNafter
2671.191791,69.8,PNafter
2701.192747,70.2,PNafter
2731.193526,69.0,PNafter
2761.194144,66.07,PNafter
2791.194707,65.93,PNafter
2821.195278,69.2,PNafter
2851.195849,64.07,PNafter
2881.196576,69.53,PNafter
2911.197306,69.2,PNafter
2941.198091,68.13,PNafter
2971.198944,69.2,PNafter
3001.199508,62.13,PNafter
3031.200263,0.0,PNafter
3061.200964,50.87,PNafter
3091.201765,69.0,PNafter
3121.20269,70.33,PNafter
3151.203451,68.6,PNafter
3181.204137,70.33,PNafter
3211.204876,69.4,PNafter
3241.205493,68.8,PNafter
3271.206309,70.07,PNafter
3301.207125,69.27,PNafter
3331.207672,71.47,PNafter
3361.20841,70.47,PNafter
3391.209152,64.4,PNafter
3421.209745,70.67,PNafter
3451.210316,68.53,PNafter
3481.211047,69.2,PNafter
3511.211785,66.33,PNafter
3541.212445,68.47,PNafter
3571.213139,69.53,PNafter
3601.213749,64.47,PNafter
3631.214299,69.4,PNafter
3661.215017,69.27,PNafter
3691.215742,65.0,PNafter
3721.216288,69.87,PNafter
3751.21686,69.73,PNafter
3781.217399,69.4,PNafter
3811.218137,64.6,PNafter
3841.218897,69.13,PNafter
3871.219549,70.07,PNafter
3901.220172,71.27,PNafter
3931.220772,69.27,PNafter
3961.221346,69.53,PNafter
3991.22189,19.13,PNafter
4021.222458,9.13,PNafter
4051.223157,68.13,PNafter
4081.223835,72.2,PNafter
4111.224637,70.4,PNafter
4141.225364,67.53,PNafter
4171.225911,69.33,PNafter
4201.226786,69.47,PNafter
4231.227781,69.07,PNafter
4261.228341,65.27,PNafter
4291.228862,69.67,PNafter
4321.22964,70.33,PNafter
4351.230381,66.0,PNafter
4381.231103,70.33,PNafter
4411.231658,69.4,PNafter
4441.232304,68.53,PNafter
4471.233047,63.8,PNafter
4501.23377,70.0,PNafter
4531.234563,70.0,PNafter
4561.235135,69.4,PNafter
4591.235657,70.07,PNafter
4621.236186,70.27,PNafter
4651.236722,67.67,PNafter
4681.237235,70.6,PNafter
4711.237763,70.33,PNafter
4741.238345,70.0,PNafter
4771.238888,69.07,PNafter
4801.239451,68.73,PNafter
4831.24015,69.87,PNafter
4861.24088,70.8,PNafter
4891.241488,70.2,PNafter
4921.242208,69.33,PNafter
4951.242726,56.2,PNafter
4981.24328,0.0,PNafter
5011.243813,32.13,PNafter
5041.244402,69.07,PNafter
5071.244998,70.0,PNafter
5101.245599,69.8,PNafter
5131.246155,69.07,PNafter
5161.2467,70.33,PNafter
5191.247259,70.47,PNafter
5221.247794,68.87,PNafter
5251.248337,68.53,PNafter
5281.248887,68.93,PNafter
5311.249461,65.47,PNafter
5341.250038,73.07,PNafter
5371.250631,70.2,PNafter
5401.251159,70.67,PNafter
5431.251747,69.33,PNafter
5461.252449,69.87,PNafter
5491.253104,69.53,PNafter
5521.253818,66.47,PNafter
5551.254565,70.13,PNafter
5581.255294,69.27,PNafter
5611.256092,71.13,PNafter
5641.256876,70.13,PNafter
5671.25747,70.2,PNafter
5701.258203,69.93,PNafter
5731.258768,70.73,PNafter
5761.259438,69.87,PNafter
5791.259994,70.33,PNafter
5821.260714,69.6,PNafter
5851.261419,69.0,PNafter
5881.261977,69.67,PNafter
5911.262577,65.93,PNafter
5941.263166,33.0,PNafter
5971.263857,5.13,PNafter
6031.265027,70.53,PNafter
6061.265709,73.07,PNafter
6091.26624,70.73,PNafter
6121.266838,69.67,PNafter
6151.26763,69.4,PNafter
6181.268318,67.73,PNafter
6211.268859,69.8,PNafter
6241.269541,71.2,PNafter
6271.27027,70.53,PNafter
6301.270996,70.93,PNafter
6331.271601,69.07,PNafter
6361.272139,70.0,PNafter
6391.272826,71.6,PNafter
6421.27351,69.4,PNafter
6451.27405,68.27,PNafter
6481.274604,66.2,PNafter
6511.275154,69.2,PNafter
6541.275757,70.13,PNafter
6601.276683,69.87,PNafter
6631.277222,70.0,PNafter
6661.277784,69.67,PNafter
6691.278514,67.13,PNafter
6721.279225,65.47,PNafter
6751.279952,70.53,PNafter
6781.280657,69.8,PNafter
6811.281208,70.2,PNafter
6841.281752,70.73,PNafter
6871.282508,69.93,PNafter
6901.283336,69.53,PNafter
6931.283951,54.27,PNafter
6961.284547,0.0,PNafter
6991.285088,42.53,PNafter
7021.285816,69.27,PNafter
7051.286607,66.6,PNafter
7081.287365,69.53,PNafter
7111.288324,69.2,PNafter
7141.289029,66.93,PNafter
7171.289769,68.4,PNafter
7201.290483,70.27,PNafter
7231.291021,67.4,PNafter
7261.291544,72.07,PNafter
7291.292261,70.53,PNafter
7321.293091,70.2,PNafter
7351.29376,71.8,PNafter
7381.294525,68.93,PNafter
7411.295196,69.87,PNafter
7441.296097,70.8,PNafter
7471.296883,70.2,PNafter
7501.297473,70.8,PNafter
7531.297994,70.87,PNafter
7561.298748,65.0,PNafter
7591.299645,70.93,PNafter
7621.300189,71.33,PNafter
7651.300768,65.2,PNafter
7681.301515,70.73,PNafter
7711.302302,69.47,PNafter
7741.302894,71.87,PNafter
7771.303468,67.07,PNafter
7801.304003,70.4,PNafter
7831.304536,70.6,PNafter
7861.305238,72.0,PNafter
7891.306024,70.6,PNafter
7921.306562,14.0,PNafter
7951.307102,9.13,PNafter
7981.307807,69.4,PNafter
8011.308649,68.53,PNafter
8041.309206,70.73,PNafter
8071.309983,69.93,PNafter
8101.310681,69.33,PNafter
8161.311969,69.27,PNafter
8191.312719,71.4,PNafter
8221.313321,69.73,PNafter
8251.314056,69.33,PNafter
8281.314785,70.67,PNafter
8311.315505,65.8,PNafter
8341.316249,70.4,PNafter
8371.317756,71.0,PNafter
8401.318451,70.27,PNafter
8431.319094,66.13,PNafter
8461.319663,71.4,PNafter
8521.321153,69.33,PNafter
8551.32178,69.67,PNafter
8581.322337,72.53,PNafter
8611.322898,66.2,PNafter
8641.323434,64.33,PNafter
8671.323985,70.27,PNafter
8701.32454,69.53,PNafter
8731.325236,70.6,PNafter
8761.325919,72.4,PNafter
8791.326572,70.53,PNafter
8821.327193,69.2,PNafter
8851.32774,70.67,PNafter
8881.328345,42.27,PNafter
8911.329084,0.0,PNafter
8941.329797,41.53,PNafter
8971.330355,67.4,PNafter
9001.330931,69.6,PNafter
9031.331529,70.13,PNafter
9061.332104,71.4,PNafter
9091.332639,70.93,PNafter
9121.333363,70.33,PNafter
9151.334047,67.47,PNafter
9181.334783,70.87,PNafter
9211.335735,69.27,PNafter
9241.33648,69.27,PNafter
9271.337181,67.2,PNafter
9301.33774,71.27,PNafter
9331.338276,69.93,PNafter
9361.338806,71.27,PNafter
9391.339372,67.0,PNafter
9421.339911,71.2,PNafter
9451.340453,70.0,PNafter
9481.341013,69.53,PNafter
9511.341613,68.8,PNafter
9541.342156,69.8,PNafter
9571.342705,70.53,PNafter
9601.343255,72.33,PNafter
9631.343802,64.47,PNafter
9661.344324,67.8,PNafter
9691.344997,67.07,PNafter
9721.345892,69.13,PNafter
9751.346616,68.93,PNafter
9781.347291,69.07,PNafter
9811.347851,69.73,PNafter
9841.348457,69.53,PNafter
9871.349071,10.07,PNafter
9901.349623,13.27,PNafter
9931.350231,60.8,PNafter
9961.35086,69.8,PNafter
9991.351421,70.13,PNafter
10021.352005,64.87,PNafter
10051.352718,69.07,PNafter
10081.353456,71.07,PNafter
10111.354018,65.4,PNafter
10141.354617,64.6,PNafter
10171.355193,70.87,PNafter
10201.355802,69.07,PNafter
10231.356392,62.67,PNafter
10261.356925,70.67,PNafter
10321.358452,68.13,PNafter
10351.359308,69.67,PNafter
10381.359906,70.2,PNafter
10411.360462,70.0,PNafter
10441.361045,69.13,PNafter
10471.361802,69.8,PNafter
10501.362532,69.67,PNafter
10531.363193,70.87,PNafter
10561.363777,70.6,PNafter
10591.364329,70.0,PNafter
10621.364871,70.67,PNafter
10681.365935,69.53,PNafter
10711.366461,72.2,PNafter
10741.367028,42.27,PNafter
10771.367659,0.0,PNafter
10801.368292,0.0,PNafter
10831.368879,0.0,PNafter
10856.594283,0.0,PNafter
